2026-10-06 20:11:54	BP_EnemyBattle_ChromaSciel_C	Skill Handle_ChromaSlash	1	0	0	0.000
2026-10-06 20:12:03	BP_EnemyBattle_ChromaSciel_C	Skill Handle_ChromaSlash	1	0	0	0.000
2026-10-06 20:12:13	BP_EnemyBattle_ChromaSciel_C	Skill Handle_ChromaSlash	1	0	0	0.000
2026-10-06 20:12:37	BP_EnemyBattle_ChromaSciel_C	Skill Handle_ChromaCombo	3	0	0	0.000
2026-10-06 21:36:22	BP_EnemyBattle_Osquio_C	Skill Handle 1	1	2	6239	0.957
2026-10-06 21:36:32	BP_EnemyBattle_Troubadour_QuestKill_C	Skill Handle_Concerto	1	0	0	0.000
2026-10-06 21:36:49	BP_EnemyBattle_Osquio_C	Skill Handle 6	1	2	6518	1.000
2026-10-06 21:37:02	BP_EnemyBattle_Troubadour_QuestKill_C	Skill Handle_TrickyTrumpet	1	1	2936	0.376
2026-10-06 21:45:16	BP_EnemyBattle_Simon_C	SkillHandle_Skill_7_LightSpeed	1	2	10665	2.000
2026-10-07 00:29:15	BP_EnemyBattle_Paintress_Curatress_C	Skill Handle_Phase1_Skill3_ThrowRocks	1	1	555	0.122
2026-10-07 00:29:27	BP_EnemyBattle_Paintress_Curatress_C	SkillHandle_Phase1_Skill2_ScatterChroma	1	0	0	0.000
2026-10-07 00:29:34	BP_EnemyBattle_ChromaLune_C	Skill Handle_Thunderfall	3	1	1929	0.247
2026-10-07 00:29:50	BP_EnemyBattle_Paintress_Curatress_C	Skill Handle_Phase1_Skill3_ThrowRocks	1	1	2981	0.654
2026-10-07 00:30:07	BP_EnemyBattle_ChromaLune_C	Skill Handle_Thunderfall	3	1	1620	0.207
2026-10-07 00:30:23	BP_EnemyBattle_ChromaLune_C	Skill Handle_Mayhem	5	1	1929	0.247
2026-10-07 00:32:53	BP_EnemyBattle_Paintress_Curatress_C	Skill Handle_Phase1_Skill3_ThrowRocks	1	0	0	0.000
2026-10-07 00:33:07	BP_EnemyBattle_ChromaLune_C	Skill Handle_Thunderfall	3	1	1080	0.138
2026-10-07 00:33:25	BP_EnemyBattle_Paintress_Curatress_C	SkillHandle_Phase2_Skill5_RipAppart	3	0	0	0.000
2026-10-07 00:33:36	BP_EnemyBattle_ChromaLune_C	Skill Handle_Thunderfall	3	0	0	0.000
2026-10-07 00:39:48	BP_EnemyBattle_Paintress_Curatress_C	SkillHandle_Phase2_Skill2_GiantBrushCombo	3	2	2286	2.000
2026-10-07 00:40:08	BP_EnemyBattle_Duelliste_LR_CleaFlyingHouse_C	Skill Handle_P2_Storm	1	1	3919	0.859
2026-10-07 00:45:16	BP_EnemyBattle_Golgra_C	Skill_1	1	1	1528	0.335
2026-10-07 00:45:28	BP_EnemyBattle_ChromaLune_C	Skill Handle_Mayhem	2	1	2894	0.404
2026-10-07 00:45:38	BP_EnemyBattle_Golgra_C	Skill_7	1	1	3033	0.665
2026-10-07 00:58:37	BP_EnemyBattle_Golgra_C	Skill_8	1	2	4377	2.000
2026-10-07 00:58:56	BP_EnemyBattle_Lampmaster_C	SkillHandle_Skill1_SwordSlices	1	1	4202	0.921
2026-10-07 01:08:36	BP_EnemyBattle_Lampmaster_C	SkillHandle_Skill8_LightGreatSword	1	2	5348	2.000
2026-10-07 01:09:58	BP_EnemyBattle_ChromaLune_C	Skill Handle_Mayhem	2	2	3912	1.197
2026-10-07 01:10:31	BP_EnemyBattle_Lampmaster_CleasWorkshop_C	SkillHandle_Skill6_DespairCombo	3	1	3164	0.694
2026-10-07 01:23:16	BP_EnemyBattle_Lampmaster_C	SkillHandle_Skill2_Darken	1	2	301	2.000
2026-10-07 01:34:17	BP_EnemyBattle_Lampmaster_CleasWorkshop_C	SkillHandle_Skill3_DarkNova	1	2	4159	1.440
2026-10-07 01:36:10	BP_EnemyBattle_Lampmaster_CleasWorkshop_C	SkillHandle_Skill3_DarkNova	1	3	10059	3.000
2026-10-07 01:36:27	BP_jRPG_Enemy_Battle_Goblu_C	SkillHandle_SummonFlowerP2	1	2	4877	1.666
2026-10-07 01:47:47	BP_jRPG_Enemy_Battle_Goblu_C	SkillHandle_FlowerEffect	1	3	11710	3.000
2026-10-07 01:56:00	BP_EnemyBattle_ChromaLune_C	Skill Handle_Thunderfall	2	2	3912	1.215
2026-10-07 01:56:29	BP_EnemyBattle_VisagesHeart_C	Skill Handle_Visages_Peace_9HitsCombo	3	1	2315	0.508
2026-10-07 01:56:47	BP_EnemyBattle_VisagesHeart_C	Skill Handle_Visages_Confidence_Heal	1	1	1685	0.369
2026-10-07 01:57:00	BP_EnemyBattle_ChromaLune_C	Skill Handle_Mayhem	3	1	1080	0.151
2026-10-07 02:06:07	BP_EnemyBattle_ChromaLune_C	Skill Handle_Mayhem	3	2	4684	1.323
2026-10-07 02:06:28	BP_EnemyBattle_VisagesHeart_C	Skill Handle_Visages_Peace_9HitsCombo	3	1	1692	0.371
2026-10-07 02:06:57	BP_EnemyBattle_VisagesHeart_C	Skill Handle_Visages_Confidence_Heal	2	1	2547	0.558
2026-10-07 02:07:10	BP_EnemyBattle_ChromaLune_C	Skill Handle_Thunderfall	3	0	0	0.000
2026-10-07 02:07:31	BP_EnemyBattle_VisagesHeart_C	Skill Handle_Visages_Doubt_Combo5x	3	1	242	0.053
2026-10-07 02:07:38	BP_EnemyBattle_ChromaLune_C	Skill Handle_Thunderfall	3	0	0	0.000
2026-10-07 02:25:13	BP_EnemyBattle_SireneHeart_C	Sirene_Skill_Bouquetfinal	1	2	3852	1.216
2026-10-07 02:25:40	BP_EnemyBattle_ChromaLune_C	Skill Handle_Mayhem	4	2	3912	1.215
2026-10-07 13:51:22	BP_EnemyBattle_SireneHeart_C	Sirene_Skill_DeathStare	1	1	46	0.219
2026-10-07 13:51:47	BP_EnemyBattle_ChromaLune_C	Skill Handle_Thunderfall	3	1	49	0.148
2026-10-07 14:02:39	BP_EnemyBattle_Mime_AS_C	Skill Handle_10_RealityBreak	1	0	0	0.000
2026-10-07 14:07:07	BP_EnemyBattle_Mime_AS_C	Skill Handle_10_RealityBreak	1	0	0	0.000
2026-10-07 14:09:45	BP_EnemyBattle_SireneHeart_C	Sirene_Skill_Bewitchment	1	1	8	0.030
2026-10-07 14:16:55	BP_EnemyBattle_Mime_AS_C	Skill Handle_6_SimpleHeadsmash	1	0	0	0.000
2026-10-07 14:24:02	BP_EnemyBattle_Mime_AS_C	Skill Handle_6_SimpleHeadsmash	1	0	0	0.000
2026-10-07 14:27:12	BP_EnemyBattle_Mime_AS_C	Skill Handle_6_SimpleHeadsmash	1	0	0	0.000
2026-10-07 14:30:46	BP_EnemyBattle_SireneHeart_C	Sirene_Skill_Bewitchment	1	2	331	2.000
2026-10-07 14:30:56	BP_EnemyBattle_Mime_AS_C	Skill Handle_6_SimpleHeadsmash	1	0	0	0.000
2026-10-07 14:41:32	BP_EnemyBattle_Mime_AS_C	SkillHandle_4_PunchCombo	3	0	0	0.000
2026-10-07 14:41:39	BP_EnemyBattle_ChromaLune_C	Skill Handle_Thunderfall	3	0	0	0.000
